box_size_px,best_conf_val_iou50,f1_val_iou50,precisao_val_iou50,revocacao_val_iou50,mae_contagem_val,ap50_val,output_dir
192,0.5,0.8253119429590018,0.845662100456621,0.8059181897302001,4.05,0.8686184207544345,outputs_detection/bbox_sweep/box_192
144,0.5,0.8228176318063958,0.8171673819742489,0.8285465622280244,4.4,0.8748276885018818,outputs_detection/bbox_sweep/box_144
112,0.5,0.8218119364534135,0.8110169491525424,0.8328981723237598,4.175,0.8686394798748701,outputs_detection/bbox_sweep/box_112
176,0.5,0.8206521739130436,0.8555240793201133,0.7885117493472585,3.65,0.8776088190369226,outputs_detection/bbox_sweep/box_176
128,0.35,0.8173424327579284,0.7585692995529061,0.8859878154917319,6.275,0.8746791872925118,outputs_detection/bbox_sweep/box_128
96,0.35,0.8156662409535973,0.7983333333333333,0.8337684943429069,4.375,0.8721610480938178,outputs_detection/bbox_sweep/box_096
72,0.35,0.8123980424143558,0.7643898695318496,0.8668407310704961,6.35,0.8487766801740158,outputs_detection/bbox_sweep/box_072
48,0.25,0.7584335013571152,0.6839160839160839,0.8511749347258486,8.025,0.7873832693141264,outputs_detection/bbox_sweep/box_048
64,0.2,0.7358241758241759,0.7433392539964476,0.7284595300261096,7.425,0.7563563610773895,outputs_detection/bbox_sweep/box_064
160,0.5,0.6531705864840727,0.4963800904977375,0.9547432550043516,26.575,0.8412200947559448,outputs_detection/bbox_sweep/box_160
